Step,Loss
1,5.0143023
2,1.6257919
3,1.321316
4,0.88294965
5,0.6264131
6,0.5047733
7,0.41288847
8,0.3555885
9,0.30682516
10,0.2679505
11,0.23448183
12,0.20918693
13,0.19100891
14,0.17791349
15,0.1645653
16,0.15464263
17,0.14619943
18,0.14114113
19,0.13445976
20,0.13124351
21,0.1264284
