Step,Loss
1,4.094452
2,1.4347457
3,0.79650724
4,0.21030568
5,0.11930769
6,0.07230047
7,0.05398126
8,0.0432088
9,0.034048386
10,0.028240843
11,0.023765044
12,0.02037194
13,0.01810267
14,0.015837245
15,0.013867188
16,0.012373282
17,0.01114447
18,0.0100334715
19,0.009077006
20,0.01143241
21,0.009607237
