Step,Loss
1,42.566143
2,2.6836507
3,0.96746624
4,0.6824983
5,0.593605
6,0.5412956
7,0.50930536
8,0.48987323
9,0.46951
10,0.45583805
11,0.4445689
12,0.43394902
13,0.42502204
14,0.42464423
15,0.41329733
16,0.41018784
17,0.40702012
18,0.42789176
19,0.49441186
20,0.4049304
21,0.4009061
