Step,Loss
1,51.487835
2,2.5893843
3,0.97988456
4,0.6919416
5,0.5981207
6,0.5422589
7,0.5102278
8,0.5129799
9,0.472764
10,0.467701
11,0.44594124
12,0.44101834
13,0.42731723
