Step,Loss
1,12.324848
2,2.6805847
3,0.66076976
4,0.32538876
5,0.230924
6,0.20203881
7,0.18848413
8,0.18021877
9,0.17387304
10,0.16942872
11,0.16505058
12,0.16216654
13,0.1586879
14,0.15561803
15,0.15419981
16,0.15172902
17,0.14949554
18,0.14705378
19,0.14683703
20,0.14296396
21,0.14157486
