Step,Loss
1,16.249119
2,2.61478
3,0.5018248
4,0.31308433
5,0.26633358
6,0.24000303
7,0.22098066
8,0.20443045
9,0.19090807
10,0.17290565
11,0.15822837
12,0.14567626
13,0.13545913
14,0.12697694
15,0.12191115
16,0.11370132
17,0.108818844
18,0.10478219
19,0.09997267
20,0.0973342
21,0.09398199
